"Date","Price","Open","High","Low","Vol.","Change %"
"12/31/2024","19,775.00","19,800.00","19,815.00","19,740.00","9.14K","0.05%"
"12/30/2024","19,765.00","19,785.00","19,885.00","19,700.00","14.73K","0.00%"
"12/27/2024","19,765.00","19,810.00","19,830.00","19,710.00","19.16K","-0.20%"
"12/26/2024","19,805.00","19,880.00","19,915.00","19,705.00","24.87K","-0.38%"
"12/25/2024","19,880.00","19,950.00","19,985.00","19,810.00","31.78K","0.28%"
"12/24/2024","19,825.00","19,935.00","19,945.00","19,770.00","28.34K","-0.58%"
"12/23/2024","19,940.00","19,915.00","20,020.00","19,855.00","28.52K","0.13%"
"12/20/2024","19,915.00","19,820.00","19,995.00","19,805.00","24.19K","0.40%"
"12/19/2024","19,835.00","19,920.00","19,940.00","19,750.00","34.77K","-0.30%"
"12/18/2024","19,895.00","19,880.00","19,975.00","19,835.00","36.71K","-0.53%"
"12/17/2024","20,000.00","20,150.00","20,180.00","19,890.00","53.23K","-0.94%"
"12/16/2024","20,190.00","20,350.00","20,350.00","20,100.00","1.30K","-0.62%"
"12/13/2024","20,315.00","20,380.00","20,430.00","20,180.00","4.13K","-0.59%"
"12/12/2024","20,435.00","20,340.00","20,515.00","20,330.00","4.09K","0.32%"
"12/11/2024","20,370.00","20,315.00","20,425.00","20,310.00","3.54K","0.15%"
"12/10/2024","20,340.00","20,430.00","20,480.00","20,270.00","7.19K","0.02%"
"12/09/2024","20,335.00","20,305.00","20,390.00","20,265.00","8.26K","-0.07%"
"12/06/2024","20,350.00","20,510.00","20,520.00","20,285.00","9.97K","-0.85%"
"12/05/2024","20,525.00","20,520.00","20,630.00","20,435.00","9.14K","0.59%"
"12/04/2024","20,405.00","20,390.00","20,580.00","20,320.00","12.92K","0.22%"
"12/03/2024","20,360.00","20,350.00","20,445.00","20,280.00","10.84K","-0.10%"
"12/02/2024","20,380.00","20,350.00","20,470.00","20,320.00","10.68K","0.25%"
"11/29/2024","20,330.00","20,230.00","20,440.00","20,220.00","16.21K","-0.02%"
"11/28/2024","20,335.00","20,510.00","20,540.00","20,210.00","39.09K","-0.90%"
"11/27/2024","20,520.00","20,535.00","20,595.00","20,460.00","26.44K","-0.24%"
"11/26/2024","20,570.00","20,580.00","20,680.00","20,505.00","25.69K","0.17%"
"11/25/2024","20,535.00","20,365.00","20,615.00","20,350.00","38.92K","0.10%"
"11/22/2024","20,515.00","20,650.00","20,680.00","20,390.00","45.13K","-0.73%"
"11/21/2024","20,665.00","20,720.00","20,775.00","20,575.00","37.02K","-0.02%"
"11/20/2024","20,670.00","20,500.00","20,800.00","20,485.00","39.72K","1.10%"
"11/19/2024","20,445.00","20,365.00","20,605.00","20,300.00","56.62K","-0.46%"
"11/18/2024","20,540.00","20,950.00","20,950.00","20,275.00","160.70K","-0.92%"
"11/15/2024","20,730.00","20,655.00","20,840.00","20,630.00","1.70K","0.73%"
"11/14/2024","20,580.00","20,530.00","20,750.00","20,500.00","3.66K","-0.96%"
"11/13/2024","20,780.00","20,935.00","20,935.00","20,670.00","3.57K","-1.56%"
"11/12/2024","21,110.00","21,345.00","21,345.00","20,860.00","4.67K","-1.47%"
"11/11/2024","21,425.00","21,415.00","21,585.00","21,310.00","5.85K","-0.90%"
"11/08/2024","21,620.00","21,500.00","21,775.00","21,500.00","6.73K","1.60%"
"11/07/2024","21,280.00","20,910.00","21,480.00","20,840.00","7.93K","1.02%"
"11/06/2024","21,065.00","21,075.00","21,195.00","20,950.00","6.82K","0.60%"
"11/05/2024","20,940.00","20,825.00","21,085.00","20,800.00","9.60K","0.82%"
"11/04/2024","20,770.00","20,885.00","20,890.00","20,550.00","10.07K","0.02%"
"11/01/2024","20,765.00","20,770.00","20,850.00","20,700.00","9.12K","0.19%"
"10/31/2024","20,725.00","20,805.00","20,810.00","20,640.00","21.52K","-0.26%"
"10/30/2024","20,780.00","20,835.00","20,845.00","20,700.00","18.10K","0.17%"
"10/29/2024","20,745.00","20,805.00","20,825.00","20,665.00","29.96K","-0.72%"
"10/28/2024","20,895.00","20,835.00","20,985.00","20,810.00","35.92K","0.55%"
"10/25/2024","20,780.00","20,960.00","21,020.00","20,580.00","50.26K","-1.02%"
"10/24/2024","20,995.00","20,780.00","21,135.00","20,780.00","54.38K","0.65%"
"10/23/2024","20,860.00","20,865.00","20,955.00","20,775.00","50.38K","0.58%"
"10/22/2024","20,740.00","20,805.00","20,840.00","20,635.00","43.81K","-0.12%"
"10/21/2024","20,765.00","20,700.00","20,890.00","20,610.00","60.30K","1.02%"
"10/18/2024","20,555.00","20,500.00","20,675.00","20,475.00","75.02K","-0.75%"
"10/17/2024","20,710.00","20,755.00","20,830.00","20,480.00","101.57K","0.17%"
"10/16/2024","20,675.00","20,570.00","20,750.00","20,560.00","99.66K","-0.19%"
"10/15/2024","20,715.00","20,750.00","20,800.00","20,375.00","2.15K","-0.48%"
"10/14/2024","20,815.00","20,945.00","20,945.00","20,705.00","6.12K","0.48%"
"10/11/2024","20,715.00","20,630.00","20,800.00","20,605.00","6.60K","1.12%"
"10/10/2024","20,485.00","20,395.00","20,590.00","20,270.00","10.67K","-0.12%"
"10/09/2024","20,510.00","20,565.00","20,600.00","20,440.00","10.34K","-0.68%"
"10/08/2024","20,650.00","20,545.00","20,870.00","20,500.00","13.58K","1.00%"
"09/30/2024","20,445.00","20,375.00","20,580.00","20,270.00","17.52K","0.59%"
"09/27/2024","20,325.00","20,225.00","20,425.00","20,190.00","33.65K","1.42%"
"09/26/2024","20,040.00","19,935.00","20,120.00","19,935.00","30.31K","-0.40%"
"09/25/2024","20,120.00","20,045.00","20,260.00","20,000.00","41.77K","1.18%"
"09/24/2024","19,885.00","19,765.00","19,985.00","19,750.00","48.86K","0.40%"
"09/23/2024","19,805.00","19,930.00","19,970.00","19,705.00","52.75K","-1.12%"
"09/20/2024","20,030.00","20,035.00","20,090.00","19,960.00","49.91K","0.58%"
"09/19/2024","19,915.00","19,960.00","20,090.00","19,760.00","90.42K","0.48%"
"09/18/2024","19,820.00","19,920.00","19,930.00","19,750.00","1.72K","0.53%"
"09/13/2024","19,715.00","19,680.00","19,765.00","19,670.00","3.39K","0.79%"
"09/12/2024","19,560.00","19,395.00","19,685.00","19,355.00","5.72K","1.37%"
"09/11/2024","19,295.00","19,310.00","19,405.00","19,230.00","6.57K","-0.16%"
"09/10/2024","19,325.00","19,150.00","19,440.00","19,130.00","9.46K","1.05%"
"09/09/2024","19,125.00","19,280.00","19,345.00","19,030.00","7.99K","-0.57%"
"09/06/2024","19,235.00","19,240.00","19,340.00","19,175.00","9.12K","-0.34%"
"09/05/2024","19,300.00","19,305.00","19,370.00","19,160.00","8.39K","-0.39%"
"09/04/2024","19,375.00","19,450.00","19,505.00","19,315.00","9.24K","-0.72%"
"09/03/2024","19,515.00","19,470.00","19,560.00","19,450.00","10.75K","-0.31%"
"09/02/2024","19,575.00","19,780.00","19,785.00","19,485.00","12.76K","-0.66%"
"08/30/2024","19,705.00","19,660.00","19,835.00","19,595.00","18.28K","0.00%"
"08/29/2024","19,705.00","19,780.00","19,875.00","19,610.00","31.85K","-1.03%"
"08/28/2024","19,910.00","19,870.00","19,985.00","19,855.00","27.66K","0.30%"
"08/27/2024","19,850.00","19,875.00","19,935.00","19,805.00","25.58K","-0.05%"
"08/26/2024","19,860.00","19,850.00","19,935.00","19,795.00","41.70K","0.40%"
"08/23/2024","19,780.00","19,870.00","19,870.00","19,705.00","37.42K","0.00%"
"08/22/2024","19,780.00","19,725.00","19,885.00","19,660.00","46.62K","0.36%"
"08/21/2024","19,710.00","19,800.00","19,815.00","19,605.00","53.85K","0.41%"
"08/20/2024","19,630.00","19,645.00","19,730.00","19,540.00","77.30K","0.98%"
"08/19/2024","19,440.00","19,295.00","19,590.00","19,270.00","112.41K","0.78%"
"08/16/2024","19,290.00","19,205.00","19,390.00","19,145.00","122.78K","1.37%"
"08/15/2024","19,030.00","19,000.00","19,460.00","18,950.00","3.37K","0.34%"
"08/14/2024","18,965.00","18,950.00","19,070.00","18,915.00","2.72K","-0.24%"
"08/13/2024","19,010.00","19,050.00","19,090.00","18,895.00","3.49K","-0.34%"
"08/12/2024","19,075.00","19,140.00","19,525.00","19,015.00","5.57K","0.16%"
"08/09/2024","19,045.00","18,870.00","19,150.00","18,865.00","8.18K","1.01%"
"08/08/2024","18,855.00","18,840.00","18,955.00","18,770.00","6.90K","-0.26%"
"08/07/2024","18,905.00","18,850.00","18,965.00","18,850.00","6.98K","0.61%"
"08/06/2024","18,790.00","18,725.00","18,915.00","18,690.00","6.55K","-0.61%"
"08/05/2024","18,905.00","19,105.00","19,140.00","18,810.00","8.74K","-1.18%"
"08/02/2024","19,130.00","19,150.00","19,280.00","19,035.00","9.49K","-0.47%"
"08/01/2024","19,220.00","19,220.00","19,315.00","19,130.00","10.91K","1.24%"
"07/31/2024","18,985.00","18,850.00","19,100.00","18,765.00","19.49K","0.03%"
"07/30/2024","18,980.00","19,120.00","19,165.00","18,900.00","21.92K","-1.35%"
"07/29/2024","19,240.00","19,230.00","19,385.00","19,155.00","23.38K","0.23%"
"07/26/2024","19,195.00","19,125.00","19,265.00","19,070.00","28.02K","0.34%"
"07/25/2024","19,130.00","19,315.00","19,345.00","19,015.00","47.48K","-0.75%"
"07/24/2024","19,275.00","19,315.00","19,375.00","19,195.00","33.80K","-0.23%"
"07/23/2024","19,320.00","19,345.00","19,425.00","19,225.00","37.76K","-0.95%"
"07/22/2024","19,505.00","19,525.00","19,620.00","19,415.00","40.86K","-0.31%"
"07/19/2024","19,565.00","19,600.00","19,630.00","19,505.00","45.58K","-0.48%"
"07/18/2024","19,660.00","19,750.00","19,775.00","19,560.00","45.43K","-0.51%"
"07/17/2024","19,760.00","19,765.00","19,845.00","19,685.00","64.42K","-0.53%"
"07/16/2024","19,865.00","19,995.00","20,015.00","19,750.00","81.14K","-0.43%"
"07/15/2024","19,950.00","19,930.00","20,045.00","19,475.00","4.49K","-0.20%"
"07/12/2024","19,990.00","20,220.00","20,220.00","19,850.00","4.74K","-0.87%"
"07/11/2024","20,165.00","20,185.00","20,225.00","20,100.00","6.17K","-0.35%"
"07/10/2024","20,235.00","20,365.00","20,385.00","20,010.00","9.17K","-0.61%"
"07/09/2024","20,360.00","20,340.00","20,430.00","20,280.00","7.35K","0.32%"
"07/08/2024","20,295.00","20,305.00","20,415.00","20,260.00","9.75K","-0.12%"
"07/05/2024","20,320.00","20,370.00","20,455.00","20,250.00","10.83K","-0.44%"
"07/04/2024","20,410.00","20,450.00","20,465.00","20,350.00","9.39K","0.22%"
"07/03/2024","20,365.00","20,350.00","20,435.00","20,310.00","10.55K","0.32%"
"07/02/2024","20,300.00","20,300.00","20,350.00","20,230.00","10.05K","0.27%"
"07/01/2024","20,245.00","20,350.00","20,365.00","20,180.00","11.98K","0.15%"
"06/28/2024","20,215.00","20,195.00","20,280.00","20,130.00","17.11K","-0.02%"
"06/27/2024","20,220.00","20,295.00","20,320.00","20,140.00","23.34K","0.15%"
"06/26/2024","20,190.00","20,245.00","20,300.00","20,105.00","35.79K","-0.57%"
"06/25/2024","20,305.00","20,350.00","20,420.00","20,245.00","26.85K","-0.22%"
"06/24/2024","20,350.00","20,370.00","20,430.00","20,280.00","41.80K","-0.71%"
"06/21/2024","20,495.00","20,565.00","20,600.00","20,415.00","27.42K","-0.02%"
"06/20/2024","20,500.00","20,455.00","20,555.00","20,450.00","28.02K","0.34%"
"06/19/2024","20,430.00","20,340.00","20,500.00","20,295.00","31.99K","0.34%"
"06/18/2024","20,360.00","20,240.00","20,445.00","20,230.00","52.90K","0.25%"
"06/17/2024","20,310.00","20,450.00","20,450.00","20,195.00","3.23K","-1.31%"
"06/14/2024","20,580.00","20,635.00","20,685.00","20,495.00","4.29K","-0.29%"
"06/13/2024","20,640.00","20,790.00","20,885.00","20,575.00","3.27K","-0.67%"
"06/12/2024","20,780.00","20,820.00","20,835.00","20,700.00","4.97K","-0.46%"
"06/11/2024","20,875.00","21,100.00","21,275.00","20,785.00","5.19K","-1.67%"
"06/07/2024","21,230.00","21,220.00","21,375.00","21,150.00","7.75K","0.19%"
"06/06/2024","21,190.00","21,095.00","21,290.00","20,995.00","6.43K","0.17%"
"06/05/2024","21,155.00","21,215.00","21,270.00","21,050.00","9.41K","-0.47%"
"06/04/2024","21,255.00","21,170.00","21,385.00","21,095.00","11.20K","0.28%"
"06/03/2024","21,195.00","21,440.00","21,690.00","21,025.00","22.86K","-0.82%"
"05/31/2024","21,370.00","21,270.00","21,480.00","21,220.00","23.28K","-1.41%"
"05/30/2024","21,675.00","21,360.00","21,945.00","21,285.00","34.08K","2.07%"
"05/29/2024","21,235.00","21,160.00","21,445.00","21,065.00","31.43K","0.47%"
"05/28/2024","21,135.00","20,880.00","21,250.00","20,875.00","27.66K","0.86%"
"05/27/2024","20,955.00","20,900.00","21,035.00","20,860.00","32.64K","0.53%"
"05/24/2024","20,845.00","20,715.00","20,930.00","20,705.00","28.06K","-0.14%"
"05/23/2024","20,875.00","21,100.00","21,160.00","20,675.00","55.08K","-2.04%"
"05/22/2024","21,310.00","21,285.00","21,545.00","21,110.00","60.61K","1.19%"
"05/21/2024","21,060.00","20,855.00","21,500.00","20,785.00","85.56K","0.21%"
"05/20/2024","21,015.00","20,940.00","21,300.00","20,880.00","83.73K","1.18%"
"05/17/2024","20,770.00","20,655.00","20,945.00","20,600.00","97.87K","0.39%"
"05/16/2024","20,690.00","20,545.00","20,900.00","20,415.00","152.93K","1.25%"
"05/15/2024","20,435.00","20,445.00","20,480.00","20,370.00","2.67K","-0.75%"
"05/14/2024","20,590.00","20,620.00","20,700.00","20,500.00","3.61K","0.61%"
"05/13/2024","20,465.00","20,580.00","20,610.00","20,320.00","8.22K","-0.78%"
"05/10/2024","20,625.00","20,610.00","20,740.00","20,520.00","7.47K","0.32%"
"05/09/2024","20,560.00","20,360.00","20,650.00","20,360.00","8.30K","0.56%"
"05/08/2024","20,445.00","20,580.00","20,625.00","20,360.00","16.56K","-1.04%"
"05/07/2024","20,660.00","20,720.00","20,780.00","20,560.00","9.42K","0.07%"
"05/06/2024","20,645.00","20,515.00","20,785.00","20,470.00","11.98K","0.39%"
"04/30/2024","20,565.00","20,560.00","20,690.00","20,475.00","14.36K","-0.22%"
"04/29/2024","20,610.00","20,585.00","20,735.00","20,500.00","18.65K","0.59%"
"04/26/2024","20,490.00","20,485.00","20,620.00","20,340.00","17.79K","0.81%"
"04/25/2024","20,325.00","20,240.00","20,460.00","20,215.00","29.88K","0.89%"
"04/24/2024","20,145.00","20,005.00","20,295.00","19,945.00","40.70K","-0.86%"
"04/23/2024","20,320.00","20,550.00","20,580.00","20,125.00","38.85K","-1.22%"
"04/22/2024","20,570.00","20,365.00","20,800.00","20,365.00","47.36K","1.08%"
"04/19/2024","20,350.00","20,415.00","20,520.00","20,240.00","41.49K","0.05%"
"04/18/2024","20,340.00","20,380.00","20,460.00","20,165.00","37.47K","0.30%"
"04/17/2024","20,280.00","20,210.00","20,375.00","20,145.00","40.91K","-0.44%"
"04/16/2024","20,370.00","20,620.00","20,690.00","20,145.00","82.71K","-1.85%"
"04/15/2024","20,755.00","20,750.00","21,175.00","20,605.00","3.63K","0.95%"
"04/12/2024","20,560.00","20,400.00","20,800.00","20,330.00","4.32K","1.11%"
"04/11/2024","20,335.00","20,385.00","20,490.00","20,185.00","7.37K","0.12%"
"04/10/2024","20,310.00","20,210.00","20,450.00","20,170.00","8.81K","0.82%"
"04/09/2024","20,145.00","20,165.00","20,235.00","20,080.00","8.08K","0.15%"
"04/08/2024","20,115.00","20,035.00","20,325.00","19,890.00","12.21K","1.31%"
"04/03/2024","19,855.00","19,800.00","19,910.00","19,775.00","10.95K","0.79%"
"04/02/2024","19,700.00","19,740.00","19,775.00","19,660.00","10.43K","0.18%"
"04/01/2024","19,665.00","19,730.00","19,790.00","19,590.00","13.83K","0.33%"
"03/29/2024","19,600.00","19,455.00","19,720.00","19,455.00","28.34K","0.90%"
"03/28/2024","19,425.00","19,380.00","19,485.00","19,340.00","19.07K","0.08%"
"03/27/2024","19,410.00","19,515.00","19,515.00","19,355.00","29.01K","-0.56%"
"03/26/2024","19,520.00","19,470.00","19,595.00","19,450.00","40.43K","0.33%"
"03/25/2024","19,455.00","19,395.00","19,570.00","19,385.00","46.30K","0.34%"
"03/22/2024","19,390.00","19,500.00","19,515.00","19,325.00","47.99K","0.05%"
"03/21/2024","19,380.00","19,320.00","19,480.00","19,290.00","46.16K","0.68%"
"03/20/2024","19,250.00","19,160.00","19,310.00","19,150.00","47.34K","-0.28%"
"03/19/2024","19,305.00","19,285.00","19,425.00","19,175.00","77.27K","0.18%"
"03/18/2024","19,270.00","19,280.00","19,340.00","19,210.00","97.52K","0.50%"
"03/15/2024","19,175.00","19,105.00","19,265.00","19,105.00","3.18K","-0.34%"
"03/14/2024","19,240.00","19,200.00","19,305.00","19,120.00","5.36K","0.31%"
"03/13/2024","19,180.00","19,180.00","19,235.00","19,140.00","5.92K","0.05%"
"03/12/2024","19,170.00","19,195.00","19,225.00","19,145.00","8.42K","0.16%"
"03/11/2024","19,140.00","19,195.00","19,225.00","19,085.00","6.64K","-0.29%"
"03/08/2024","19,195.00","19,205.00","19,235.00","19,155.00","9.49K","0.52%"
"03/07/2024","19,095.00","19,155.00","19,155.00","19,045.00","6.34K","0.37%"
"03/06/2024","19,025.00","19,100.00","19,140.00","18,980.00","7.88K","-0.29%"
"03/05/2024","19,080.00","19,000.00","19,145.00","18,985.00","9.83K","0.45%"
"03/04/2024","18,995.00","18,995.00","19,070.00","18,950.00","11.75K","0.00%"
"03/01/2024","18,995.00","18,965.00","19,045.00","18,960.00","13.98K","0.74%"
"02/29/2024","18,855.00","18,785.00","18,965.00","18,770.00","23.60K","0.19%"
"02/28/2024","18,820.00","18,840.00","18,885.00","18,785.00","21.37K","-0.11%"
"02/27/2024","18,840.00","18,755.00","18,925.00","18,755.00","23.37K","0.43%"
"02/26/2024","18,760.00","18,815.00","18,840.00","18,710.00","26.31K","-0.32%"
"02/23/2024","18,820.00","18,800.00","18,910.00","18,700.00","35.36K","0.03%"
"02/22/2024","18,815.00","18,975.00","18,975.00","18,735.00","41.11K","-0.45%"
"02/21/2024","18,900.00","18,700.00","19,115.00","18,675.00","69.00K","1.02%"
"02/20/2024","18,710.00","18,755.00","18,825.00","18,645.00","60.08K","-0.51%"
"02/19/2024","18,805.00","18,950.00","19,000.00","18,710.00","2.25K","-0.29%"
"02/08/2024","18,860.00","18,915.00","18,975.00","18,800.00","2.70K","-0.34%"
"02/07/2024","18,925.00","18,880.00","19,015.00","18,845.00","4.42K","0.88%"
"02/06/2024","18,760.00","18,715.00","18,880.00","18,710.00","5.18K","-0.11%"
"02/05/2024","18,780.00","18,875.00","18,875.00","18,725.00","6.12K","-0.61%"
"02/02/2024","18,895.00","18,860.00","18,960.00","18,795.00","5.23K","-0.37%"
"02/01/2024","18,965.00","19,050.00","19,170.00","18,865.00","8.69K","-0.13%"
"01/31/2024","18,990.00","18,985.00","19,050.00","18,950.00","11.29K","0.00%"
"01/30/2024","18,990.00","19,045.00","19,065.00","18,925.00","9.52K","-0.45%"
"01/29/2024","19,075.00","19,075.00","19,245.00","18,910.00","22.17K","0.24%"
"01/26/2024","19,030.00","18,895.00","19,125.00","18,870.00","24.65K","0.69%"
"01/25/2024","18,900.00","19,045.00","19,085.00","18,835.00","32.01K","-0.11%"
"01/24/2024","18,920.00","18,710.00","19,030.00","18,710.00","31.90K","1.39%"
"01/23/2024","18,660.00","18,650.00","18,710.00","18,610.00","20.90K","-0.37%"
"01/22/2024","18,730.00","18,685.00","18,805.00","18,645.00","24.95K","0.05%"
"01/19/2024","18,720.00","18,765.00","18,795.00","18,645.00","31.02K","-0.40%"
"01/18/2024","18,795.00","18,830.00","18,850.00","18,750.00","31.97K","-0.56%"
"01/17/2024","18,900.00","18,860.00","18,970.00","18,850.00","28.52K","0.32%"
"01/16/2024","18,840.00","18,850.00","18,915.00","18,780.00","38.31K","-0.84%"
"01/15/2024","19,000.00","19,050.00","19,115.00","18,925.00","2.99K","-0.34%"
"01/12/2024","19,065.00","19,090.00","19,120.00","19,015.00","5.01K","-0.05%"
"01/11/2024","19,075.00","19,030.00","19,115.00","19,025.00","4.30K","-0.29%"
"01/10/2024","19,130.00","19,085.00","19,205.00","19,030.00","5.38K","0.31%"
"01/09/2024","19,070.00","19,080.00","19,135.00","19,000.00","7.95K","-0.52%"
"01/08/2024","19,170.00","19,210.00","19,325.00","19,110.00","12.47K","-0.49%"
"01/05/2024","19,265.00","19,230.00","19,325.00","19,175.00","10.43K","-0.49%"
"01/04/2024","19,360.00","19,400.00","19,460.00","19,230.00","13.29K","-0.74%"
"01/03/2024","19,505.00","19,765.00","19,770.00","19,400.00","14.23K","-0.41%"
"01/02/2024","19,585.00","19,505.00","19,845.00","19,440.00","12.50K","0.08%"
"12/29/2023","19,570.00","19,495.00","19,700.00","19,430.00","20.93K","-0.08%"
"12/28/2023","19,585.00","19,460.00","19,710.00","19,460.00","30.53K","1.42%"
"12/27/2023","19,310.00","19,295.00","19,390.00","19,240.00","20.55K","0.49%"
"12/26/2023","19,215.00","19,140.00","19,330.00","19,130.00","21.97K","-0.10%"
"12/25/2023","19,235.00","19,285.00","19,425.00","19,070.00","43.21K","0.50%"
"12/22/2023","19,140.00","18,980.00","19,275.00","18,980.00","50.70K","0.90%"
"12/21/2023","18,970.00","19,000.00","19,035.00","18,920.00","47.25K","0.03%"
"12/20/2023","18,965.00","18,965.00","19,065.00","18,900.00","68.59K","0.16%"
"12/19/2023","18,935.00","18,950.00","19,015.00","18,885.00","100.20K","0.37%"
"12/18/2023","18,865.00","18,860.00","18,950.00","18,775.00","123.33K","0.24%"
"12/15/2023","18,820.00","18,810.00","18,860.00","18,800.00","2.59K","0.86%"
"12/14/2023","18,660.00","18,465.00","18,760.00","18,465.00","5.00K","0.97%"
"12/13/2023","18,480.00","18,540.00","18,550.00","18,400.00","6.23K","0.00%"
"12/12/2023","18,480.00","18,410.00","18,550.00","18,410.00","7.27K","0.27%"
"12/11/2023","18,430.00","18,575.00","18,590.00","18,375.00","8.94K","-0.38%"
"12/08/2023","18,500.00","18,470.00","18,590.00","18,400.00","7.89K","0.00%"
"12/07/2023","18,500.00","18,540.00","18,565.00","18,460.00","6.91K","-0.16%"
"12/06/2023","18,530.00","18,525.00","18,580.00","18,460.00","9.85K","-0.13%"
"12/05/2023","18,555.00","18,695.00","18,695.00","18,485.00","12.27K","-0.80%"
"12/04/2023","18,705.00","18,645.00","18,815.00","18,645.00","10.27K","0.43%"
"12/01/2023","18,625.00","18,650.00","18,665.00","18,580.00","15.90K","-0.05%"
"11/30/2023","18,635.00","18,660.00","18,690.00","18,590.00","18.51K","-0.35%"
"11/29/2023","18,700.00","18,860.00","18,895.00","18,550.00","46.99K","-0.90%"
"11/28/2023","18,870.00","18,970.00","18,970.00","18,810.00","24.96K","-0.08%"
"11/27/2023","18,885.00","18,840.00","18,980.00","18,740.00","44.25K","0.40%"
"11/24/2023","18,810.00","18,825.00","18,860.00","18,750.00","46.09K","0.11%"
"11/23/2023","18,790.00","18,860.00","18,860.00","18,725.00","47.84K","-0.37%"
"11/22/2023","18,860.00","18,945.00","18,965.00","18,765.00","71.40K","-0.58%"
"11/21/2023","18,970.00","18,990.00","19,035.00","18,905.00","66.61K","0.21%"
"11/20/2023","18,930.00","18,870.00","19,045.00","18,805.00","120.60K","0.32%"
"11/17/2023","18,870.00","18,980.00","18,980.00","18,775.00","135.35K","-0.45%"
"11/16/2023","18,955.00","19,030.00","19,030.00","18,915.00","99.79K","-0.21%"
"11/15/2023","18,995.00","18,975.00","19,095.00","18,945.00","4.31K","0.29%"
"11/14/2023","18,940.00","18,820.00","18,980.00","18,820.00","4.15K","0.13%"
"11/13/2023","18,915.00","19,070.00","19,070.00","18,830.00","6.68K","-1.18%"
"11/10/2023","19,140.00","19,115.00","19,195.00","19,095.00","6.93K","-0.29%"
"11/09/2023","19,195.00","19,235.00","19,270.00","19,140.00","6.48K","-0.34%"
"11/08/2023","19,260.00","19,180.00","19,315.00","19,180.00","10.09K","-0.21%"
"11/07/2023","19,300.00","19,330.00","19,390.00","19,200.00","12.65K","0.52%"
"11/06/2023","19,200.00","19,305.00","19,305.00","19,140.00","15.60K","-0.16%"
"11/03/2023","19,230.00","19,250.00","19,270.00","19,170.00","9.84K","-0.18%"
"11/02/2023","19,265.00","19,360.00","19,360.00","19,230.00","9.21K","0.13%"
"11/01/2023","19,240.00","19,330.00","19,330.00","19,185.00","16.88K","0.08%"
"10/31/2023","19,225.00","19,305.00","19,335.00","19,000.00","28.17K","0.21%"
"10/30/2023","19,185.00","19,020.00","19,270.00","19,000.00","51.92K","1.27%"
"10/27/2023","18,945.00","19,100.00","19,100.00","18,880.00","47.41K","-0.55%"
"10/26/2023","19,050.00","19,160.00","19,160.00","18,975.00","55.35K","-0.03%"
"10/25/2023","19,055.00","18,965.00","19,170.00","18,895.00","138.37K","0.87%"
"10/24/2023","18,890.00","19,000.00","19,000.00","18,830.00","116.17K","-0.08%"
"10/23/2023","18,905.00","18,965.00","19,005.00","18,820.00","121.38K","-0.40%"
"10/20/2023","18,980.00","19,020.00","19,045.00","18,905.00","111.55K","-0.03%"
"10/19/2023","18,985.00","18,965.00","19,045.00","18,920.00","121.49K","0.53%"
"10/18/2023","18,885.00","18,820.00","18,970.00","18,780.00","133.26K","0.27%"
"10/17/2023","18,835.00","18,975.00","18,980.00","18,755.00","198.13K","-0.97%"
"10/16/2023","19,020.00","19,015.00","19,065.00","18,965.00","2.46K","-0.18%"
"10/13/2023","19,055.00","19,195.00","19,195.00","18,990.00","9.00K","-0.94%"
"10/12/2023","19,235.00","19,300.00","19,335.00","19,155.00","10.91K","-0.39%"
"10/11/2023","19,310.00","19,265.00","19,380.00","19,225.00","22.10K","-0.28%"
"10/10/2023","19,365.00","19,430.00","19,480.00","19,205.00","38.93K","-0.49%"
"10/09/2023","19,460.00","19,230.00","19,600.00","19,230.00","29.91K","-1.24%"
"09/28/2023","19,705.00","19,620.00","19,835.00","19,600.00","58.09K","0.69%"
"09/27/2023","19,570.00","19,630.00","19,630.00","19,510.00","58.80K","0.20%"
"09/26/2023","19,530.00","19,575.00","19,615.00","19,460.00","71.18K","-0.15%"
"09/25/2023","19,560.00","19,620.00","19,670.00","19,425.00","164.85K","0.28%"
"09/22/2023","19,505.00","19,350.00","19,675.00","19,280.00","203.74K","0.46%"
"09/21/2023","19,415.00","19,405.00","19,510.00","19,330.00","180.83K","0.88%"
"09/20/2023","19,245.00","19,325.00","19,330.00","19,150.00","132.30K","-0.16%"
"09/19/2023","19,275.00","19,285.00","19,350.00","19,195.00","136.52K","0.60%"
"09/18/2023","19,160.00","19,280.00","19,285.00","19,050.00","208.96K","-2.24%"
"09/15/2023","19,600.00","19,530.00","19,700.00","19,500.00","5.62K","0.67%"
"09/14/2023","19,470.00","19,445.00","19,565.00","19,360.00","7.65K","-0.23%"
"09/13/2023","19,515.00","19,660.00","19,660.00","19,360.00","10.83K","-0.43%"
"09/12/2023","19,600.00","19,520.00","19,680.00","19,505.00","18.29K","0.95%"
"09/11/2023","19,415.00","19,350.00","19,520.00","19,275.00","11.33K","0.36%"
"09/08/2023","19,345.00","19,420.00","19,460.00","19,220.00","13.01K","-0.26%"
"09/07/2023","19,395.00","19,380.00","19,470.00","19,300.00","9.14K","0.52%"
"09/06/2023","19,295.00","19,240.00","19,390.00","19,160.00","10.35K","0.31%"
"09/05/2023","19,235.00","19,200.00","19,330.00","19,175.00","15.92K","-1.00%"
"09/04/2023","19,430.00","19,665.00","19,815.00","19,185.00","27.54K","-0.15%"
"09/01/2023","19,460.00","19,195.00","19,695.00","19,180.00","32.18K","1.73%"
"08/31/2023","19,130.00","19,040.00","19,230.00","19,030.00","55.75K","1.22%"
"08/30/2023","18,900.00","18,815.00","18,990.00","18,790.00","60.19K","0.61%"
"08/29/2023","18,785.00","18,700.00","18,885.00","18,690.00","67.80K","0.45%"
"08/28/2023","18,700.00","18,700.00","18,750.00","18,665.00","67.07K","0.40%"
"08/25/2023","18,625.00","18,575.00","18,685.00","18,525.00","99.06K","-0.21%"
"08/24/2023","18,665.00","18,730.00","18,740.00","18,605.00","125.92K","-0.24%"
"08/23/2023","18,710.00","18,700.00","18,765.00","18,655.00","145.74K","0.56%"
"08/22/2023","18,605.00","18,460.00","18,740.00","18,455.00","203.32K","0.81%"
"08/21/2023","18,455.00","18,400.00","18,545.00","18,360.00","144.97K","0.11%"
"08/18/2023","18,435.00","18,555.00","18,580.00","18,340.00","175.71K","-0.24%"
"08/17/2023","18,480.00","18,485.00","18,540.00","18,440.00","134.73K","0.03%"
"08/16/2023","18,475.00","18,405.00","18,535.00","18,390.00","162.35K","0.46%"
"08/15/2023","18,390.00","18,270.00","18,645.00","18,270.00","3.99K","0.11%"
"08/14/2023","18,370.00","18,360.00","18,445.00","18,255.00","5.94K","-0.92%"
"08/11/2023","18,540.00","18,580.00","18,595.00","18,480.00","6.02K","0.03%"
"08/10/2023","18,535.00","18,525.00","18,570.00","18,505.00","8.27K","0.30%"
"08/09/2023","18,480.00","18,450.00","18,605.00","18,395.00","13.86K","-0.16%"
"08/08/2023","18,510.00","18,530.00","18,645.00","18,470.00","11.61K","0.03%"
"08/07/2023","18,505.00","18,520.00","18,570.00","18,470.00","11.72K","-0.19%"
"08/04/2023","18,540.00","18,460.00","18,630.00","18,435.00","8.80K","0.32%"
"08/03/2023","18,480.00","18,485.00","18,520.00","18,415.00","13.10K","-0.43%"
"08/02/2023","18,560.00","18,540.00","18,605.00","18,515.00","11.82K","-0.27%"
"08/01/2023","18,610.00","18,515.00","18,720.00","18,505.00","19.87K","1.25%"
"07/31/2023","18,380.00","18,475.00","18,475.00","18,335.00","26.06K","-0.05%"
"07/28/2023","18,390.00","18,460.00","18,460.00","18,325.00","32.81K","-0.14%"
"07/27/2023","18,415.00","18,320.00","18,520.00","18,290.00","68.08K","0.27%"
"07/26/2023","18,365.00","18,395.00","18,440.00","18,315.00","56.70K","0.22%"
"07/25/2023","18,325.00","18,310.00","18,430.00","18,230.00","109.45K","0.22%"
"07/24/2023","18,285.00","18,305.00","18,360.00","18,235.00","139.84K","0.05%"
"07/21/2023","18,275.00","18,315.00","18,325.00","18,205.00","151.07K","0.00%"
"07/20/2023","18,275.00","18,255.00","18,345.00","18,205.00","150.14K","0.36%"
"07/19/2023","18,210.00","18,155.00","18,280.00","18,115.00","124.32K","0.03%"
"07/18/2023","18,205.00","18,210.00","18,295.00","18,130.00","133.29K","-0.87%"
"07/17/2023","18,365.00","18,470.00","18,530.00","18,260.00","4.26K","-1.26%"
"07/14/2023","18,600.00","18,595.00","18,680.00","18,470.00","11.05K","0.59%"
"07/13/2023","18,490.00","18,360.00","18,560.00","18,360.00","14.16K","1.04%"
"07/12/2023","18,300.00","18,280.00","18,370.00","18,270.00","15.73K","0.03%"
"07/11/2023","18,295.00","18,360.00","18,360.00","18,250.00","15.44K","0.08%"
"07/10/2023","18,280.00","18,220.00","18,375.00","18,205.00","16.98K","0.49%"
"07/07/2023","18,190.00","18,235.00","18,255.00","18,150.00","13.51K","-0.08%"
"07/06/2023","18,205.00","18,165.00","18,285.00","18,135.00","20.44K","-0.16%"
"07/05/2023","18,235.00","18,270.00","18,325.00","18,155.00","19.46K","-0.49%"
"07/04/2023","18,325.00","18,390.00","18,440.00","18,250.00","16.19K","0.03%"
"07/03/2023","18,320.00","18,295.00","18,455.00","18,200.00","18.20K","0.27%"
"06/30/2023","18,270.00","18,250.00","18,375.00","18,180.00","49.79K","0.19%"
"06/29/2023","18,235.00","18,285.00","18,295.00","18,175.00","49.47K","-0.36%"
"06/28/2023","18,300.00","18,370.00","18,390.00","18,245.00","59.26K","0.66%"
"06/27/2023","18,180.00","18,150.00","18,325.00","18,070.00","119.80K","-0.05%"
"06/26/2023","18,190.00","18,295.00","18,295.00","18,130.00","171.33K","-1.60%"
"06/21/2023","18,485.00","18,550.00","18,590.00","18,370.00","143.13K","0.03%"
"06/20/2023","18,480.00","18,455.00","18,585.00","18,395.00","124.49K","0.08%"
"06/19/2023","18,465.00","18,650.00","18,660.00","18,350.00","201.82K","-0.46%"
"06/16/2023","18,550.00","18,535.00","18,700.00","18,395.00","200.13K","-0.24%"
"06/15/2023","18,595.00","18,660.00","18,760.00","18,470.00","4.27K","0.11%"
"06/14/2023","18,575.00","18,500.00","18,660.00","18,490.00","4.45K","0.62%"
"06/13/2023","18,460.00","18,450.00","18,520.00","18,415.00","6.67K","-0.59%"
"06/12/2023","18,570.00","18,630.00","18,795.00","18,440.00","15.21K","-0.40%"
"06/09/2023","18,645.00","18,540.00","18,715.00","18,540.00","12.81K","0.89%"
"06/08/2023","18,480.00","18,390.00","18,540.00","18,370.00","8.76K","0.74%"
"06/07/2023","18,345.00","18,250.00","18,445.00","18,250.00","12.17K","0.16%"
"06/06/2023","18,315.00","18,410.00","18,410.00","18,225.00","10.15K","-0.54%"
"06/05/2023","18,415.00","18,790.00","18,790.00","18,270.00","16.02K","-0.91%"
"06/02/2023","18,585.00","18,590.00","18,670.00","18,450.00","15.96K","0.98%"
"06/01/2023","18,405.00","18,325.00","18,545.00","18,185.00","17.55K","1.18%"
"05/31/2023","18,190.00","18,275.00","18,275.00","18,130.00","25.65K","-0.14%"
"05/30/2023","18,215.00","18,280.00","18,310.00","18,135.00","21.28K","-0.25%"
"05/29/2023","18,260.00","18,340.00","18,365.00","18,165.00","26.52K","0.97%"
"05/26/2023","18,085.00","18,070.00","18,370.00","17,900.00","64.08K","0.89%"
"05/25/2023","17,925.00","18,080.00","18,080.00","17,790.00","106.98K","-0.17%"
"05/24/2023","17,955.00","18,125.00","18,160.00","17,830.00","110.23K","-1.29%"
"05/23/2023","18,190.00","18,220.00","18,285.00","18,110.00","76.30K","-0.57%"
"05/22/2023","18,295.00","18,530.00","18,575.00","18,110.00","123.34K","-0.52%"
"05/19/2023","18,390.00","18,475.00","18,485.00","18,300.00","149.07K","-0.51%"
"05/18/2023","18,485.00","18,480.00","18,545.00","18,420.00","164.45K","1.18%"
"05/17/2023","18,270.00","18,115.00","18,425.00","18,085.00","196.25K","0.66%"
"05/16/2023","18,150.00","18,185.00","18,250.00","18,060.00","161.63K","0.44%"
"05/15/2023","18,070.00","18,000.00","18,175.00","18,000.00","5.43K","0.53%"
"05/12/2023","17,975.00","18,200.00","18,200.00","17,870.00","6.26K","-1.61%"
"05/11/2023","18,270.00","18,355.00","18,360.00","18,145.00","13.14K","-0.38%"
"05/10/2023","18,340.00","18,330.00","18,415.00","18,300.00","11.83K","0.00%"
"05/09/2023","18,340.00","18,510.00","18,520.00","18,260.00","16.51K","-0.62%"
"05/08/2023","18,455.00","18,375.00","18,535.00","18,375.00","11.03K","0.63%"
"05/05/2023","18,340.00","18,420.00","18,445.00","18,290.00","17.15K","-0.81%"
"05/04/2023","18,490.00","18,450.00","18,580.00","18,400.00","12.32K","0.08%"
"04/28/2023","18,475.00","18,560.00","18,560.00","18,365.00","24.34K","-0.59%"
"04/27/2023","18,585.00","18,740.00","18,740.00","18,450.00","47.60K","-0.67%"
"04/26/2023","18,710.00","18,750.00","18,780.00","18,630.00","47.79K","-0.53%"
"04/25/2023","18,810.00","18,880.00","18,890.00","18,705.00","48.58K","-0.45%"
"04/24/2023","18,895.00","19,025.00","19,035.00","18,825.00","73.03K","-0.58%"
"04/21/2023","19,005.00","19,125.00","19,255.00","18,850.00","96.99K","-0.50%"
"04/20/2023","19,100.00","19,025.00","19,260.00","18,970.00","98.37K","0.53%"
"04/19/2023","19,000.00","19,030.00","19,070.00","18,940.00","155.57K","0.69%"
"04/18/2023","18,870.00","18,780.00","19,005.00","18,740.00","144.97K","0.67%"
"04/17/2023","18,745.00","18,705.00","18,780.00","18,690.00","2.52K","0.24%"
"04/14/2023","18,700.00","18,690.00","18,750.00","18,535.00","5.87K","1.14%"
"04/13/2023","18,490.00","18,435.00","18,525.00","18,415.00","5.72K","0.33%"
"04/12/2023","18,430.00","18,415.00","18,470.00","18,365.00","8.34K","0.03%"
"04/11/2023","18,425.00","18,605.00","18,610.00","18,350.00","12.36K","-1.13%"
"04/10/2023","18,635.00","18,695.00","18,730.00","18,580.00","11.51K","-0.03%"
"04/07/2023","18,640.00","18,510.00","18,685.00","18,510.00","8.38K","0.32%"
"04/06/2023","18,580.00","18,530.00","18,640.00","18,525.00","14.28K","-0.40%"
"04/04/2023","18,655.00","18,730.00","18,785.00","18,580.00","10.32K","-0.05%"
"04/03/2023","18,665.00","18,690.00","18,770.00","18,605.00","12.70K","-0.24%"
"03/31/2023","18,710.00","18,700.00","18,755.00","18,660.00","18.57K","0.16%"
"03/30/2023","18,680.00","18,810.00","18,850.00","18,590.00","25.10K","0.08%"
"03/29/2023","18,665.00","18,690.00","18,720.00","18,620.00","26.45K","0.32%"
"03/28/2023","18,605.00","18,500.00","18,730.00","18,485.00","44.15K","0.81%"
"03/27/2023","18,455.00","18,395.00","18,490.00","18,390.00","43.20K","0.33%"
"03/24/2023","18,395.00","18,330.00","18,515.00","18,275.00","68.13K","0.63%"
"03/23/2023","18,280.00","18,290.00","18,360.00","18,220.00","69.15K","0.41%"
"03/22/2023","18,205.00","18,200.00","18,255.00","18,145.00","90.53K","0.19%"
"03/21/2023","18,170.00","18,200.00","18,240.00","18,100.00","127.68K","0.00%"
"03/20/2023","18,170.00","18,200.00","18,310.00","17,945.00","188.38K","-0.03%"
"03/17/2023","18,175.00","18,250.00","18,300.00","18,045.00","164.95K","0.22%"
"03/16/2023","18,135.00","18,210.00","18,220.00","18,035.00","187.17K","-1.04%"
"03/15/2023","18,325.00","18,300.00","18,370.00","18,250.00","3.43K","0.33%"
"03/14/2023","18,265.00","18,200.00","18,340.00","18,185.00","5.23K","0.03%"
"03/13/2023","18,260.00","18,175.00","18,410.00","18,000.00","7.96K","-0.25%"
"03/10/2023","18,305.00","18,465.00","18,530.00","18,200.00","10.96K","-0.97%"
"03/09/2023","18,485.00","18,515.00","18,575.00","18,420.00","10.95K","0.00%"
"03/08/2023","18,485.00","18,525.00","18,545.00","18,395.00","10.78K","-0.70%"
"03/07/2023","18,615.00","18,520.00","18,685.00","18,510.00","10.74K","0.13%"
"03/06/2023","18,590.00","18,710.00","18,735.00","18,500.00","14.86K","-0.35%"
"03/03/2023","18,655.00","18,550.00","18,745.00","18,510.00","13.71K","0.13%"
"03/02/2023","18,630.00","18,655.00","18,690.00","18,575.00","12.28K","0.59%"
"03/01/2023","18,520.00","18,440.00","18,670.00","18,365.00","19.35K","0.41%"
"02/28/2023","18,445.00","18,415.00","18,555.00","18,380.00","26.97K","0.24%"
"02/27/2023","18,400.00","18,580.00","18,580.00","18,315.00","45.12K","-1.08%"
"02/24/2023","18,600.00","18,710.00","18,710.00","18,525.00","36.98K","-0.69%"
"02/23/2023","18,730.00","18,745.00","18,820.00","18,615.00","56.38K","-0.21%"
"02/22/2023","18,770.00","18,830.00","18,870.00","18,710.00","71.37K","-0.21%"
"02/21/2023","18,810.00","18,730.00","18,925.00","18,700.00","98.75K","0.78%"
"02/20/2023","18,665.00","18,440.00","18,835.00","18,440.00","148.44K","0.81%"
"02/17/2023","18,515.00","18,495.00","18,610.00","18,445.00","107.04K","0.68%"
"02/16/2023","18,390.00","18,370.00","18,555.00","18,250.00","122.46K","-0.35%"
"02/15/2023","18,455.00","18,475.00","18,565.00","18,270.00","2.26K","-0.32%"
"02/14/2023","18,515.00","18,495.00","18,560.00","18,435.00","7.62K","0.11%"
"02/13/2023","18,495.00","18,610.00","18,610.00","18,400.00","6.60K","-1.04%"
"02/10/2023","18,690.00","18,880.00","18,945.00","18,520.00","9.95K","-1.11%"
"02/09/2023","18,900.00","19,055.00","19,055.00","18,820.00","14.88K","-1.02%"
"02/08/2023","19,095.00","18,995.00","19,195.00","18,950.00","11.07K","0.32%"
"02/07/2023","19,035.00","18,985.00","19,110.00","18,900.00","9.02K","0.82%"
"02/06/2023","18,880.00","19,040.00","19,050.00","18,810.00","15.26K","-0.61%"
"02/03/2023","18,995.00","19,005.00","19,145.00","18,880.00","12.29K","-0.52%"
"02/02/2023","19,095.00","19,110.00","19,195.00","18,950.00","11.36K","0.08%"
"02/01/2023","19,080.00","18,895.00","19,180.00","18,880.00","13.78K","1.14%"
"01/31/2023","18,865.00","18,960.00","18,975.00","18,725.00","22.80K","-0.68%"
"01/30/2023","18,995.00","19,300.00","19,420.00","18,820.00","37.71K","-0.26%"
"01/20/2023","19,045.00","18,925.00","19,400.00","18,910.00","48.63K","0.13%"
"01/19/2023","19,020.00","19,050.00","19,160.00","18,870.00","62.57K","1.52%"
"01/18/2023","18,735.00","18,650.00","18,975.00","18,550.00","92.32K","0.83%"
"01/17/2023","18,580.00","18,545.00","18,660.00","18,485.00","88.08K","0.57%"
"01/16/2023","18,475.00","18,480.00","19,505.00","18,390.00","2.56K","0.38%"
"01/13/2023","18,405.00","18,310.00","18,480.00","18,175.00","4.86K","0.71%"
"01/12/2023","18,275.00","18,220.00","18,350.00","18,205.00","6.36K","0.55%"
"01/11/2023","18,175.00","18,155.00","18,250.00","18,130.00","8.48K","0.41%"
"01/10/2023","18,100.00","18,015.00","18,215.00","18,000.00","6.77K","0.95%"
"01/09/2023","17,930.00","17,840.00","18,030.00","17,760.00","8.60K","0.53%"
"01/06/2023","17,835.00","18,000.00","18,000.00","17,750.00","7.56K","0.08%"
"01/05/2023","17,820.00","17,835.00","17,930.00","17,720.00","7.89K","-1.33%"
"01/04/2023","18,060.00","18,205.00","18,260.00","17,885.00","11.89K","-1.79%"
"01/03/2023","18,390.00","18,710.00","18,710.00","18,230.00","17.80K","-1.76%"
"12/30/2022","18,720.00","18,765.00","18,770.00","18,660.00","11.27K","-0.05%"
"12/29/2022","18,730.00","18,750.00","18,810.00","18,700.00","17.22K","-1.21%"
"12/28/2022","18,960.00","19,020.00","19,105.00","18,770.00","43.14K","0.18%"
"12/27/2022","18,925.00","18,695.00","19,125.00","18,655.00","86.92K","1.45%"
"12/26/2022","18,655.00","18,615.00","18,775.00","18,545.00","122.30K","0.13%"
"12/23/2022","18,630.00","18,660.00","18,690.00","18,570.00","97.68K","-0.29%"
"12/22/2022","18,685.00","18,655.00","18,780.00","18,620.00","97.37K","0.30%"
"12/21/2022","18,630.00","18,600.00","18,710.00","18,560.00","110.02K","0.38%"
"12/20/2022","18,560.00","18,530.00","18,650.00","18,465.00","135.27K","-0.54%"
"12/19/2022","18,660.00","18,755.00","18,820.00","18,510.00","161.79K","-0.45%"
"12/16/2022","18,745.00","18,740.00","18,880.00","18,630.00","162.71K","-2.45%"
"12/15/2022","19,215.00","19,280.00","19,290.00","19,150.00","3.30K","0.18%"
"12/14/2022","19,180.00","19,060.00","19,340.00","19,035.00","4.64K","1.35%"
"12/13/2022","18,925.00","18,845.00","19,025.00","18,795.00","8.33K","-0.55%"
"12/12/2022","19,030.00","19,265.00","19,300.00","18,865.00","16.69K","-1.35%"
"12/09/2022","19,290.00","19,345.00","19,400.00","19,200.00","14.06K","-0.08%"
"12/08/2022","19,305.00","19,265.00","19,365.00","19,195.00","10.37K","-0.05%"
"12/07/2022","19,315.00","19,285.00","19,460.00","19,210.00","10.25K","0.05%"
"12/06/2022","19,305.00","19,300.00","19,420.00","19,220.00","9.53K","-0.44%"
"12/05/2022","19,390.00","19,265.00","19,500.00","19,205.00","11.32K","0.65%"
"12/02/2022","19,265.00","19,170.00","19,350.00","19,170.00","15.14K","0.31%"
"12/01/2022","19,205.00","18,945.00","19,345.00","18,945.00","18.89K","1.64%"
"11/30/2022","18,895.00","18,975.00","19,045.00","18,795.00","32.06K","-0.50%"
"11/29/2022","18,990.00","18,770.00","19,165.00","18,740.00","55.46K","1.28%"
"11/28/2022","18,750.00","18,880.00","18,975.00","18,575.00","92.72K","-0.87%"
"11/25/2022","18,915.00","18,960.00","19,015.00","18,830.00","125.59K","-0.34%"
"11/24/2022","18,980.00","18,820.00","19,110.00","18,820.00","164.51K","0.16%"
"11/23/2022","18,950.00","18,960.00","19,085.00","18,835.00","190.03K","0.11%"
"11/22/2022","18,930.00","18,900.00","19,030.00","18,810.00","147.01K","-0.37%"
"11/21/2022","19,000.00","19,160.00","19,245.00","18,840.00","199.03K","-0.37%"
"11/18/2022","19,070.00","18,915.00","19,210.00","18,880.00","224.48K","1.03%"
"11/17/2022","18,875.00","18,870.00","19,070.00","18,715.00","197.75K","-0.19%"
"11/16/2022","18,910.00","18,850.00","19,085.00","18,830.00","177.93K","0.34%"
"11/15/2022","18,845.00","18,765.00","19,010.00","18,720.00","3.07K","0.00%"
"11/14/2022","18,845.00","18,985.00","19,100.00","18,500.00","4.18K","0.21%"
"11/11/2022","18,805.00","18,570.00","18,955.00","18,570.00","6.02K","1.10%"
"11/10/2022","18,600.00","18,600.00","18,680.00","18,530.00","7.28K","0.00%"
"11/09/2022","18,600.00","18,550.00","18,720.00","18,450.00","11.52K","0.62%"
"11/08/2022","18,485.00","18,405.00","18,595.00","18,405.00","9.58K","0.71%"
"11/07/2022","18,355.00","18,550.00","18,595.00","18,280.00","10.05K","0.27%"
"11/04/2022","18,305.00","18,170.00","18,490.00","18,130.00","12.70K","0.74%"
"11/03/2022","18,170.00","17,975.00","18,305.00","17,950.00","12.28K","1.03%"
"11/02/2022","17,985.00","18,095.00","18,140.00","17,885.00","12.13K","0.28%"
"11/01/2022","17,935.00","17,650.00","18,105.00","17,585.00","20.50K","-0.14%"
"10/31/2022","17,960.00","18,220.00","18,220.00","17,630.00","47.79K","-2.44%"
"10/28/2022","18,410.00","18,645.00","18,655.00","18,155.00","106.55K","-1.47%"
"10/27/2022","18,685.00","18,695.00","18,810.00","18,530.00","152.05K","0.21%"
"10/26/2022","18,645.00","18,480.00","18,755.00","18,480.00","152.30K","0.67%"
"10/25/2022","18,520.00","18,465.00","18,620.00","18,420.00","150.79K","-0.40%"
"10/24/2022","18,595.00","18,490.00","18,710.00","18,460.00","183.75K","-0.16%"
"10/21/2022","18,625.00","18,535.00","18,735.00","18,470.00","223.24K","1.17%"
"10/20/2022","18,410.00","18,305.00","18,510.00","18,285.00","170.26K","0.68%"
"10/19/2022","18,285.00","18,310.00","18,390.00","18,180.00","171.15K","-0.22%"
"10/18/2022","18,325.00","18,400.00","18,420.00","18,230.00","181.86K","-1.58%"
"10/17/2022","18,620.00","18,810.00","18,810.00","18,435.00","4.50K","-0.75%"
"10/14/2022","18,760.00","18,655.00","18,950.00","18,580.00","9.35K","1.13%"
"10/13/2022","18,550.00","18,520.00","18,665.00","18,390.00","11.25K","0.43%"
"10/12/2022","18,470.00","18,560.00","18,560.00","18,380.00","14.23K","-0.81%"
"10/11/2022","18,620.00","18,700.00","18,700.00","18,510.00","14.49K","0.13%"
"10/10/2022","18,595.00","19,095.00","19,095.00","18,070.00","19.72K","1.06%"
"09/30/2022","18,400.00","18,480.00","18,680.00","18,255.00","43.53K","1.49%"
"09/29/2022","18,130.00","18,090.00","18,210.00","18,010.00","48.16K","0.22%"
"09/28/2022","18,090.00","18,300.00","18,370.00","17,900.00","92.15K","-0.96%"
"09/27/2022","18,265.00","18,275.00","18,415.00","18,115.00","158.19K","-0.71%"
"09/26/2022","18,395.00","18,480.00","18,550.00","18,055.00","247.67K","-1.81%"
"09/23/2022","18,735.00","18,740.00","18,860.00","18,610.00","161.93K","0.67%"
"09/22/2022","18,610.00","18,590.00","18,775.00","18,450.00","191.26K","0.13%"
"09/21/2022","18,585.00","18,655.00","18,750.00","18,465.00","192.00K","-0.72%"
"09/20/2022","18,720.00","18,620.00","18,840.00","18,610.00","173.00K","-0.69%"
"09/19/2022","18,850.00","18,790.00","19,020.00","18,680.00","217.78K","-0.40%"
"09/16/2022","18,925.00","18,880.00","19,100.00","18,735.00","294.72K","1.39%"
"09/15/2022","18,665.00","18,500.00","18,910.00","18,400.00","5.68K","0.24%"
"09/14/2022","18,620.00","18,660.00","18,760.00","18,505.00","5.14K","-0.85%"
"09/13/2022","18,780.00","18,940.00","19,030.00","18,650.00","6.23K","-0.21%"
"09/09/2022","18,820.00","18,650.00","18,985.00","18,570.00","12.49K","1.51%"
"09/08/2022","18,540.00","18,370.00","18,675.00","18,310.00","10.40K","0.79%"
"09/07/2022","18,395.00","18,460.00","18,485.00","18,270.00","12.09K","-0.51%"
"09/06/2022","18,490.00","18,485.00","18,605.00","18,400.00","11.90K","0.46%"
"09/05/2022","18,405.00","18,220.00","18,500.00","18,180.00","11.89K","1.49%"
"09/02/2022","18,135.00","17,985.00","18,300.00","17,940.00","15.91K","-0.93%"
"09/01/2022","18,305.00","18,385.00","18,510.00","18,000.00","21.52K","-0.71%"
"08/31/2022","18,435.00","18,350.00","18,555.00","18,310.00","28.76K","-0.91%"
"08/30/2022","18,605.00","18,785.00","18,795.00","18,400.00","58.46K","-2.21%"
"08/29/2022","19,025.00","18,970.00","19,270.00","18,675.00","117.14K","1.04%"
"08/26/2022","18,830.00","18,915.00","18,960.00","18,740.00","152.44K","-0.58%"
"08/25/2022","18,940.00","18,940.00","19,025.00","18,840.00","193.33K","0.19%"
"08/24/2022","18,905.00","18,780.00","19,120.00","18,665.00","252.69K","1.67%"
"08/23/2022","18,595.00","18,440.00","18,750.00","18,440.00","187.19K","0.30%"
"08/22/2022","18,540.00","18,400.00","18,730.00","18,355.00","223.31K","0.38%"
"08/19/2022","18,470.00","18,490.00","18,565.00","18,370.00","214.79K","-0.51%"
"08/18/2022","18,565.00","18,640.00","18,690.00","18,320.00","254.52K","0.38%"
"08/17/2022","18,495.00","18,250.00","18,755.00","18,245.00","289.68K","2.84%"
"08/16/2022","17,985.00","17,975.00","18,230.00","17,725.00","260.70K","-2.39%"
"08/15/2022","18,425.00","19,005.00","19,005.00","18,040.00","3.58K","-2.98%"
"08/12/2022","18,990.00","19,025.00","19,060.00","18,890.00","7.48K","0.21%"
"08/11/2022","18,950.00","18,915.00","19,050.00","18,875.00","9.26K","0.45%"
"08/10/2022","18,865.00","18,900.00","18,965.00","18,740.00","10.26K","1.29%"
"08/09/2022","18,625.00","18,600.00","18,820.00","18,530.00","10.19K","0.54%"
"08/08/2022","18,525.00","18,700.00","18,750.00","18,465.00","11.76K","-0.51%"
"08/05/2022","18,620.00","18,385.00","18,735.00","18,340.00","13.54K","1.28%"
"08/04/2022","18,385.00","18,325.00","18,470.00","18,195.00","19.30K","0.71%"
"08/03/2022","18,255.00","18,195.00","18,450.00","18,080.00","13.00K","0.69%"
"08/02/2022","18,130.00","18,285.00","18,285.00","17,980.00","15.06K","-1.47%"
"08/01/2022","18,400.00","18,775.00","18,825.00","18,105.00","21.67K","-1.60%"
"07/29/2022","18,700.00","18,620.00","18,805.00","18,590.00","32.65K","1.82%"
"07/28/2022","18,365.00","17,975.00","18,800.00","17,975.00","63.03K","1.77%"
"07/27/2022","18,045.00","17,960.00","18,185.00","17,885.00","69.65K","0.95%"
"07/26/2022","17,875.00","17,845.00","18,090.00","17,730.00","132.47K","-0.61%"
"07/25/2022","17,985.00","18,050.00","18,225.00","17,710.00","228.97K","0.33%"
"07/22/2022","17,925.00","17,905.00","18,065.00","17,790.00","187.45K","-0.44%"
"07/21/2022","18,005.00","18,045.00","18,195.00","17,805.00","217.58K","0.64%"
"07/20/2022","17,890.00","18,030.00","18,065.00","17,760.00","238.46K","-0.78%"
"07/19/2022","18,030.00","17,830.00","18,315.00","17,825.00","320.61K","2.47%"
"07/18/2022","17,595.00","17,330.00","17,835.00","17,270.00","356.78K","1.71%"
"07/15/2022","17,300.00","17,295.00","17,420.00","17,080.00","2.97K","-0.29%"
"07/14/2022","17,350.00","17,180.00","17,490.00","17,070.00","4.12K","-0.94%"
"07/13/2022","17,515.00","17,905.00","17,945.00","17,230.00","7.67K","-2.42%"
"07/12/2022","17,950.00","18,180.00","18,180.00","17,600.00","10.25K","-1.62%"
"07/11/2022","18,245.00","18,500.00","18,550.00","18,130.00","8.71K","-1.33%"
"07/08/2022","18,490.00","18,505.00","18,670.00","18,385.00","9.33K","0.79%"
"07/07/2022","18,345.00","18,410.00","18,535.00","18,230.00","12.61K","0.47%"
"07/06/2022","18,260.00","18,465.00","18,465.00","18,085.00","16.00K","-2.92%"
"07/05/2022","18,810.00","19,065.00","19,180.00","18,485.00","18.49K","-1.60%"
"07/04/2022","19,115.00","18,955.00","19,220.00","18,890.00","13.26K","0.50%"
"07/01/2022","19,020.00","19,040.00","19,135.00","18,890.00","15.75K","-1.17%"
"06/30/2022","19,245.00","19,375.00","19,410.00","19,090.00","23.45K","-0.65%"
"06/29/2022","19,370.00","19,500.00","19,500.00","19,230.00","33.16K","0.36%"
"06/28/2022","19,300.00","19,285.00","19,475.00","19,200.00","53.46K","1.21%"
"06/27/2022","19,070.00","19,040.00","19,365.00","18,705.00","164.11K","-1.09%"
"06/24/2022","19,280.00","19,425.00","19,570.00","18,960.00","234.02K","-0.64%"
"06/23/2022","19,405.00","19,300.00","19,575.00","19,220.00","241.05K","-1.62%"
"06/22/2022","19,725.00","19,740.00","19,955.00","19,400.00","242.07K","0.05%"
"06/21/2022","19,715.00","19,480.00","19,880.00","19,450.00","236.93K","0.15%"
"06/20/2022","19,685.00","19,760.00","19,890.00","19,500.00","262.58K","0.05%"
"06/17/2022","19,675.00","19,820.00","19,945.00","19,445.00","332.57K","-1.89%"
"06/16/2022","20,055.00","19,915.00","20,250.00","19,855.00","247.83K","1.44%"
"06/15/2022","19,770.00","18,880.00","20,100.00","18,880.00","5.42K","-0.85%"
"06/14/2022","19,940.00","20,180.00","20,180.00","19,820.00","6.40K","-0.82%"
"06/13/2022","20,105.00","20,500.00","20,500.00","19,865.00","8.81K","-2.21%"
"06/10/2022","20,560.00","20,550.00","20,645.00","20,500.00","10.32K","-1.41%"
"06/09/2022","20,855.00","20,795.00","20,955.00","20,785.00","8.07K","0.36%"
"06/08/2022","20,780.00","20,750.00","20,890.00","20,670.00","10.15K","-0.26%"
"06/07/2022","20,835.00","20,895.00","20,955.00","20,720.00","11.56K","-0.45%"
"06/06/2022","20,930.00","20,660.00","21,205.00","20,660.00","16.73K","2.02%"
"06/02/2022","20,515.00","20,175.00","20,715.00","20,175.00","17.20K","1.06%"
"06/01/2022","20,300.00","20,650.00","20,685.00","20,070.00","31.28K","-2.33%"
"05/31/2022","20,785.00","20,825.00","20,900.00","20,730.00","24.16K","0.12%"
"05/30/2022","20,760.00","20,790.00","20,860.00","20,685.00","37.66K","0.10%"
"05/27/2022","20,740.00","20,515.00","20,840.00","20,515.00","50.64K","0.97%"
"05/26/2022","20,540.00","20,505.00","20,650.00","20,430.00","82.23K","0.44%"
"05/25/2022","20,450.00","20,305.00","20,600.00","20,305.00","131.78K","-0.80%"
"05/24/2022","20,615.00","20,870.00","20,920.00","20,455.00","175.54K","-1.27%"
"05/23/2022","20,880.00","20,820.00","21,030.00","20,750.00","190.22K","0.70%"
"05/20/2022","20,735.00","20,505.00","20,930.00","20,505.00","219.53K","1.54%"
"05/19/2022","20,420.00","20,335.00","20,670.00","20,150.00","265.35K","0.07%"
"05/18/2022","20,405.00","20,480.00","20,530.00","20,320.00","180.83K","-0.20%"
"05/17/2022","20,445.00","20,600.00","20,690.00","20,210.00","218.57K","-0.73%"
"05/16/2022","20,595.00","20,460.00","21,255.00","20,340.00","3.89K","2.01%"
"05/13/2022","20,190.00","20,275.00","20,350.00","19,950.00","6.15K","-0.32%"
"05/12/2022","20,255.00","20,225.00","20,430.00","20,095.00","14.39K","0.62%"
"05/11/2022","20,130.00","19,830.00","20,315.00","19,790.00","14.33K","1.82%"
"05/10/2022","19,770.00","19,700.00","19,935.00","19,555.00","14.62K","-0.08%"
"05/09/2022","19,785.00","19,930.00","19,970.00","19,665.00","17.86K","-2.51%"
"05/06/2022","20,295.00","20,350.00","20,490.00","20,025.00","19.01K","-2.03%"
"05/05/2022","20,715.00","20,830.00","20,985.00","20,480.00","20.50K","-0.55%"
"04/29/2022","20,830.00","20,880.00","20,905.00","20,740.00","25.03K","-0.22%"
"04/28/2022","20,875.00","20,750.00","21,000.00","20,700.00","33.15K","0.75%"
"04/27/2022","20,720.00","20,605.00","20,820.00","20,540.00","49.15K","0.19%"
"04/26/2022","20,680.00","20,500.00","21,020.00","20,285.00","78.87K","-2.66%"
"04/25/2022","21,245.00","21,845.00","21,860.00","20,650.00","147.16K","-2.92%"
"04/22/2022","21,885.00","21,895.00","21,950.00","21,820.00","61.44K","0.21%"
"04/21/2022","21,840.00","21,845.00","21,990.00","21,730.00","100.50K","0.18%"
"04/20/2022","21,800.00","21,795.00","21,900.00","21,720.00","142.30K","-1.20%"
"04/19/2022","22,065.00","21,895.00","22,200.00","21,885.00","183.85K","1.19%"
"04/18/2022","21,805.00","21,820.00","21,910.00","21,670.00","162.33K","0.35%"
"04/15/2022","21,730.00","21,520.00","21,890.00","21,520.00","3.48K","1.61%"
"04/14/2022","21,385.00","21,300.00","21,495.00","21,150.00","10.75K","1.06%"
"04/13/2022","21,160.00","21,060.00","21,345.00","20,850.00","8.74K","1.17%"
"04/12/2022","20,915.00","21,125.00","21,130.00","20,655.00","16.53K","-2.13%"
"04/11/2022","21,370.00","21,850.00","21,850.00","20,855.00","18.56K","-2.13%"
"04/08/2022","21,835.00","21,695.00","21,920.00","21,680.00","11.93K","-1.31%"
"04/07/2022","22,125.00","22,640.00","22,640.00","21,785.00","20.42K","-2.04%"
"04/06/2022","22,585.00","22,510.00","22,695.00","22,485.00","13.41K","-0.62%"
"04/01/2022","22,725.00","22,655.00","22,840.00","22,620.00","14.38K","-0.13%"
"03/31/2022","22,755.00","23,065.00","23,065.00","22,620.00","25.67K","0.26%"
"03/30/2022","22,695.00","22,700.00","22,910.00","22,400.00","39.98K","-1.30%"
"03/29/2022","22,995.00","23,000.00","23,100.00","22,915.00","29.95K","0.04%"
"03/28/2022","22,985.00","23,100.00","23,150.00","22,885.00","54.35K","-0.20%"
"03/25/2022","23,030.00","23,140.00","23,220.00","22,900.00","61.43K","-0.95%"
"03/24/2022","23,250.00","23,150.00","23,430.00","23,105.00","57.20K","1.22%"
"03/23/2022","22,970.00","23,055.00","23,120.00","22,820.00","53.36K","-0.04%"
"03/22/2022","22,980.00","23,025.00","23,180.00","22,775.00","61.14K","-0.13%"
"03/21/2022","23,010.00","22,580.00","23,275.00","22,580.00","91.01K","1.93%"
"03/18/2022","22,575.00","22,340.00","22,845.00","22,220.00","130.75K","2.22%"
"03/17/2022","22,085.00","21,895.00","22,300.00","21,870.00","174.76K","1.87%"
"03/16/2022","21,680.00","21,235.00","22,100.00","21,235.00","190.32K","-0.55%"
"03/15/2022","21,800.00","21,930.00","21,930.00","21,600.00","4.55K","-0.48%"
"03/14/2022","21,905.00","22,030.00","22,880.00","21,750.00","3.04K","-0.02%"
"03/11/2022","21,910.00","21,930.00","22,030.00","21,750.00","5.31K","1.84%"
"03/10/2022","21,515.00","21,630.00","21,760.00","21,170.00","11.41K","-2.07%"
"03/09/2022","21,970.00","21,910.00","22,690.00","21,090.00","15.25K","-4.48%"
"03/08/2022","23,000.00","23,850.00","23,865.00","22,545.00","28.11K","-3.64%"
"03/07/2022","23,870.00","23,545.00","24,190.00","23,390.00","20.76K","1.42%"
"03/04/2022","23,535.00","23,800.00","23,800.00","23,390.00","21.20K","-0.28%"
"03/03/2022","23,600.00","23,170.00","23,840.00","23,070.00","29.95K","3.01%"
"03/02/2022","22,910.00","22,850.00","22,995.00","22,835.00","21.32K","1.21%"
"03/01/2022","22,635.00","22,680.00","22,775.00","22,555.00","19.07K","-0.11%"
"02/28/2022","22,660.00","22,330.00","22,900.00","22,320.00","44.51K","-0.61%"
"02/25/2022","22,800.00","23,220.00","23,250.00","22,445.00","91.23K","-0.09%"
"02/24/2022","22,820.00","22,745.00","23,205.00","22,610.00","94.78K","-0.26%"
"02/23/2022","22,880.00","23,000.00","23,070.00","22,725.00","118.43K","0.02%"
"02/22/2022","22,875.00","22,600.00","23,145.00","22,595.00","212.80K","1.22%"
"02/21/2022","22,600.00","22,760.00","22,785.00","22,450.00","218.96K","-0.62%"
"02/18/2022","22,740.00","22,620.00","22,890.00","22,570.00","239.86K","0.33%"
"02/17/2022","22,665.00","22,745.00","22,780.00","22,565.00","190.52K","0.64%"
"02/16/2022","22,520.00","22,645.00","22,690.00","22,360.00","199.28K","-0.53%"
"02/15/2022","22,640.00","22,740.00","22,740.00","22,365.00","6.43K","0.07%"
"02/14/2022","22,625.00","22,620.00","22,790.00","22,235.00","7.16K","-1.09%"
"02/11/2022","22,875.00","23,220.00","23,220.00","22,650.00","13.52K","-1.70%"
"02/10/2022","23,270.00","22,990.00","23,400.00","22,980.00","18.97K","1.86%"
"02/09/2022","22,845.00","22,805.00","22,950.00","22,660.00","15.04K","1.78%"
"02/08/2022","22,445.00","22,320.00","22,825.00","21,965.00","20.13K","0.99%"
"02/07/2022","22,225.00","21,840.00","22,330.00","21,840.00","17.49K","2.77%"
"01/28/2022","21,625.00","21,590.00","22,415.00","21,475.00","18.90K","0.70%"
"01/27/2022","21,475.00","21,420.00","21,650.00","21,345.00","27.39K","0.05%"
"01/26/2022","21,465.00","21,185.00","21,615.00","21,110.00","47.21K","1.66%"
"01/25/2022","21,115.00","20,985.00","21,260.00","20,985.00","61.42K","-0.26%"
"01/24/2022","21,170.00","21,360.00","21,565.00","20,920.00","105.19K","-1.47%"
"01/21/2022","21,485.00","21,610.00","21,770.00","21,260.00","112.55K","0.02%"
"01/20/2022","21,480.00","21,645.00","21,780.00","21,200.00","175.50K","0.02%"
"01/19/2022","21,475.00","21,215.00","21,660.00","21,200.00","180.52K","1.51%"
"01/18/2022","21,155.00","21,060.00","21,365.00","21,015.00","186.47K","-0.07%"
"01/17/2022","21,170.00","21,500.00","21,500.00","20,920.00","5.13K","-0.19%"
"01/14/2022","21,210.00","21,495.00","21,615.00","21,030.00","5.43K","-1.42%"
"01/13/2022","21,515.00","21,645.00","21,900.00","21,260.00","13.31K","-0.58%"
"01/12/2022","21,640.00","21,595.00","21,805.00","21,520.00","17.22K","0.65%"
"01/11/2022","21,500.00","21,210.00","21,635.00","21,160.00","22.53K","1.75%"
"01/10/2022","21,130.00","21,050.00","21,285.00","20,965.00","17.34K","0.64%"
"01/07/2022","20,995.00","20,780.00","21,380.00","20,710.00","25.17K","1.62%"
"01/06/2022","20,660.00","20,400.00","20,825.00","20,400.00","21.84K","1.90%"
"01/05/2022","20,275.00","20,255.00","20,400.00","20,120.00","18.29K","0.37%"
"01/04/2022","20,200.00","20,400.00","20,555.00","20,080.00","16.49K","-0.91%"
"12/31/2021","20,385.00","20,265.00","20,500.00","20,265.00","16.30K","0.77%"
"12/30/2021","20,230.00","19,895.00","20,550.00","19,895.00","35.54K","1.86%"
"12/29/2021","19,860.00","19,845.00","19,975.00","19,765.00","29.76K","0.56%"
"12/28/2021","19,750.00","19,650.00","19,855.00","19,615.00","44.24K","-0.65%"
"12/27/2021","19,880.00","20,170.00","20,235.00","19,610.00","84.06K","-1.14%"
"12/24/2021","20,110.00","20,190.00","20,230.00","19,955.00","96.80K","-0.49%"
"12/23/2021","20,210.00","20,200.00","20,335.00","20,105.00","120.51K","1.97%"
"12/22/2021","19,820.00","19,715.00","20,055.00","19,675.00","184.43K","1.41%"
"12/21/2021","19,545.00","19,505.00","19,630.00","19,440.00","176.43K","-0.84%"
"12/20/2021","19,710.00","19,785.00","19,845.00","19,575.00","261.63K","1.15%"
"12/17/2021","19,485.00","19,215.00","19,765.00","19,215.00","306.29K","2.23%"
"12/16/2021","19,060.00","18,945.00","19,280.00","18,870.00","260.59K","-0.10%"
"12/15/2021","19,080.00","19,195.00","19,200.00","18,920.00","3.43K","-0.42%"
"12/14/2021","19,160.00","19,155.00","19,250.00","19,070.00","7.11K","1.64%"
"12/13/2021","18,850.00","18,850.00","19,180.00","18,700.00","15.54K","0.08%"
"12/10/2021","18,835.00","18,770.00","18,930.00","18,680.00","14.88K","0.35%"
"12/09/2021","18,770.00","18,870.00","18,890.00","18,700.00","9.43K","-0.32%"
"12/08/2021","18,830.00","18,810.00","18,920.00","18,720.00","7.16K","0.43%"
"12/07/2021","18,750.00","18,725.00","18,885.00","18,660.00","10.43K","-0.27%"
"12/06/2021","18,800.00","18,895.00","19,045.00","18,620.00","13.31K","0.05%"
"12/03/2021","18,790.00","18,800.00","19,035.00","18,580.00","13.02K","-0.48%"
"12/02/2021","18,880.00","19,110.00","19,150.00","18,730.00","15.96K","-0.58%"
"12/01/2021","18,990.00","18,855.00","19,160.00","18,810.00","13.17K","0.24%"
"11/30/2021","18,945.00","19,060.00","19,215.00","18,745.00","26.56K","0.21%"
"11/29/2021","18,905.00","18,795.00","19,165.00","18,620.00","37.84K","-1.77%"
"11/26/2021","19,245.00","19,675.00","19,675.00","18,905.00","50.03K","-0.80%"
"11/25/2021","19,400.00","19,350.00","19,540.00","19,260.00","57.09K","1.12%"
"11/24/2021","19,185.00","19,180.00","19,320.00","19,045.00","58.19K","0.13%"
"11/23/2021","19,160.00","19,050.00","19,350.00","18,965.00","70.71K","0.31%"
"11/22/2021","19,100.00","18,995.00","19,360.00","18,915.00","70.25K","1.76%"
"11/19/2021","18,770.00","18,565.00","19,270.00","18,225.00","126.29K","1.16%"
"11/18/2021","18,555.00","18,780.00","18,815.00","18,310.00","97.99K","0.16%"
"11/17/2021","18,525.00","18,750.00","18,750.00","18,260.00","152.92K","-2.29%"
"11/16/2021","18,960.00","19,330.00","19,370.00","18,615.00","199.36K","-1.91%"
"11/15/2021","19,330.00","19,400.00","19,600.00","19,115.00","5.48K","-0.28%"
"11/12/2021","19,385.00","19,500.00","19,590.00","19,235.00","6.54K","1.65%"
"11/11/2021","19,070.00","18,775.00","19,450.00","18,720.00","10.70K","1.95%"
"11/10/2021","18,705.00","18,955.00","18,955.00","18,530.00","16.09K","-1.53%"
"11/09/2021","18,995.00","18,940.00","19,215.00","18,745.00","11.00K","0.32%"
"11/08/2021","18,935.00","18,700.00","19,165.00","18,610.00","11.38K","1.12%"
"11/05/2021","18,725.00","19,710.00","19,730.00","18,485.00","15.85K","-5.93%"
"11/04/2021","19,905.00","20,295.00","20,325.00","19,680.00","15.32K","-0.99%"
"11/03/2021","20,105.00","19,585.00","20,420.00","19,585.00","17.74K","0.22%"
"11/02/2021","20,060.00","20,060.00","20,315.00","19,500.00","16.42K","-0.27%"
"11/01/2021","20,115.00","19,775.00","20,455.00","19,570.00","19.81K","-0.67%"
"10/29/2021","20,250.00","20,050.00","20,525.00","19,510.00","40.24K","2.90%"
"10/28/2021","19,680.00","19,935.00","20,320.00","19,250.00","86.43K","-5.20%"
"10/27/2021","20,760.00","21,185.00","21,345.00","20,070.00","101.78K","-1.63%"
"10/26/2021","21,105.00","21,630.00","21,655.00","20,715.00","115.20K","-1.70%"
"10/25/2021","21,470.00","21,860.00","21,955.00","20,500.00","203.55K","-2.39%"
"10/22/2021","21,995.00","22,600.00","22,905.00","21,375.00","272.77K","-5.34%"
"10/21/2021","23,235.00","23,000.00","23,565.00","22,700.00","262.91K","-0.66%"
"10/20/2021","23,390.00","24,260.00","24,260.00","22,420.00","544.92K","-3.86%"
"10/19/2021","24,330.00","24,680.00","24,680.00","24,105.00","353.18K","0.08%"
"10/18/2021","24,310.00","24,540.00","24,765.00","23,815.00","550.06K","2.73%"
"10/15/2021","23,665.00","23,830.00","25,245.00","23,315.00","3.86K","1.20%"
"10/14/2021","23,385.00","23,800.00","23,800.00","23,050.00","8.56K","-0.93%"
"10/13/2021","23,605.00","23,700.00","24,040.00","21,675.00","11.14K","1.09%"
"10/12/2021","23,350.00","23,355.00","23,620.00","23,185.00","21.49K","1.50%"
"10/11/2021","23,005.00","22,805.00","23,380.00","22,770.00","22.21K","0.52%"
"10/08/2021","22,885.00","22,900.00","23,265.00","22,685.00","19.03K","0.70%"
"09/30/2021","22,725.00","22,825.00","22,970.00","22,410.00","39.21K","-0.70%"
"09/29/2021","22,885.00","22,795.00","23,180.00","22,665.00","63.53K","1.08%"
"09/28/2021","22,640.00","22,850.00","22,850.00","22,485.00","66.48K","-1.46%"
"09/27/2021","22,975.00","23,150.00","23,230.00","22,665.00","145.75K","-0.99%"
"09/24/2021","23,205.00","23,520.00","23,635.00","22,760.00","191.34K","-0.66%"
"09/23/2021","23,360.00","23,100.00","23,560.00","23,080.00","188.36K","1.99%"
"09/22/2021","22,905.00","22,400.00","23,295.00","22,300.00","195.79K","1.26%"
"09/17/2021","22,620.00","22,530.00","22,805.00","22,425.00","292.11K","-0.22%"
"09/16/2021","22,670.00","22,570.00","23,035.00","22,175.00","481.11K","1.66%"
"09/15/2021","22,300.00","22,470.00","22,560.00","21,925.00","3.87K","-2.39%"
"09/14/2021","22,845.00","23,575.00","23,575.00","22,300.00","5.38K","-2.83%"
"09/13/2021","23,510.00","22,875.00","23,990.00","22,820.00","7.87K","3.64%"
"09/10/2021","22,685.00","22,505.00","22,915.00","22,420.00","14.52K","1.86%"
"09/09/2021","22,270.00","22,030.00","22,530.00","22,020.00","9.65K","1.90%"
"09/08/2021","21,855.00","21,775.00","22,090.00","21,725.00","12.17K","0.46%"
"09/07/2021","21,755.00","21,725.00","21,880.00","21,655.00","16.80K","0.18%"
"09/06/2021","21,715.00","21,455.00","21,945.00","21,330.00","17.08K","1.85%"
"09/03/2021","21,320.00","21,350.00","21,410.00","21,260.00","14.35K","0.61%"
"09/02/2021","21,190.00","20,905.00","21,500.00","20,905.00","20.44K","0.07%"
"09/01/2021","21,175.00","21,300.00","21,325.00","21,080.00","29.08K","-0.66%"
"08/31/2021","21,315.00","21,415.00","21,500.00","21,210.00","28.86K","0.92%"
"08/30/2021","21,120.00","20,885.00","21,550.00","20,810.00","58.92K","2.13%"
"08/27/2021","20,680.00","20,475.00","20,910.00","20,460.00","51.56K","0.80%"
"08/26/2021","20,515.00","20,590.00","20,655.00","20,395.00","54.15K","-0.29%"
"08/25/2021","20,575.00","20,460.00","20,685.00","20,420.00","91.73K","0.88%"
"08/24/2021","20,395.00","20,450.00","20,490.00","20,295.00","79.32K","0.59%"
"08/23/2021","20,275.00","20,035.00","20,515.00","20,000.00","159.31K","1.50%"
"08/20/2021","19,975.00","19,805.00","20,180.00","19,660.00","210.20K","-0.27%"
"08/19/2021","20,030.00","20,215.00","20,270.00","19,900.00","265.08K","-1.31%"
"08/18/2021","20,295.00","20,450.00","20,450.00","20,000.00","266.10K","-0.27%"
"08/17/2021","20,350.00","20,175.00","20,575.00","20,135.00","238.02K","0.59%"
"08/16/2021","20,230.00","20,145.00","20,400.00","20,105.00","3.25K","0.90%"
"08/13/2021","20,050.00","20,055.00","20,105.00","20,000.00","7.04K","-0.22%"
"08/12/2021","20,095.00","20,095.00","20,180.00","20,055.00","6.54K","-0.15%"
"08/11/2021","20,125.00","20,020.00","20,225.00","19,990.00","9.01K","1.28%"
"08/10/2021","19,870.00","19,855.00","19,970.00","19,810.00","10.22K","-0.33%"
"08/09/2021","19,935.00","19,965.00","20,060.00","19,825.00","8.14K","0.15%"
"08/06/2021","19,905.00","19,780.00","20,005.00","19,760.00","9.85K","0.86%"
"08/05/2021","19,735.00","19,715.00","19,860.00","19,630.00","11.10K","-0.13%"
"08/04/2021","19,760.00","19,745.00","19,810.00","19,700.00","7.78K","-0.23%"
"08/03/2021","19,805.00","19,970.00","20,000.00","19,690.00","15.41K","-0.58%"
"08/02/2021","19,920.00","20,145.00","20,180.00","19,830.00","15.60K","0.20%"
"07/30/2021","19,880.00","19,640.00","20,100.00","19,640.00","29.24K","1.66%"
"07/29/2021","19,555.00","19,420.00","19,675.00","19,420.00","28.45K","0.70%"
"07/28/2021","19,420.00","19,530.00","19,545.00","19,325.00","43.65K","-0.87%"
"07/27/2021","19,590.00","19,590.00","19,735.00","19,445.00","57.44K","0.23%"
"07/26/2021","19,545.00","19,415.00","19,720.00","19,355.00","81.12K","1.22%"
"07/23/2021","19,310.00","19,210.00","19,460.00","19,165.00","79.51K","1.15%"
"07/22/2021","19,090.00","18,915.00","19,180.00","18,830.00","115.53K","0.34%"
"07/21/2021","19,025.00","19,015.00","19,245.00","18,855.00","213.03K","-0.11%"
"07/20/2021","19,045.00","19,100.00","19,150.00","18,955.00","217.66K","-1.68%"
"07/19/2021","19,370.00","19,470.00","19,530.00","19,240.00","180.54K","-0.64%"
"07/16/2021","19,495.00","19,260.00","19,605.00","19,260.00","205.68K","0.88%"
"07/15/2021","19,325.00","19,440.00","19,440.00","19,175.00","3.42K","0.42%"
"07/14/2021","19,245.00","19,280.00","19,460.00","19,160.00","4.26K","0.10%"
"07/13/2021","19,225.00","19,075.00","19,300.00","18,975.00","6.70K","0.60%"
"07/12/2021","19,110.00","18,995.00","19,210.00","18,870.00","9.90K","1.27%"
"07/09/2021","18,870.00","18,760.00","18,930.00","18,745.00","8.20K","0.32%"
"07/08/2021","18,810.00","18,940.00","18,965.00","18,765.00","13.18K","-0.37%"
"07/07/2021","18,880.00","19,135.00","19,150.00","18,815.00","12.23K","-1.38%"
"07/06/2021","19,145.00","19,235.00","19,255.00","19,095.00","13.27K","0.05%"
"07/05/2021","19,135.00","18,935.00","19,340.00","18,885.00","14.44K","2.14%"
"07/02/2021","18,735.00","18,635.00","18,890.00","18,575.00","10.27K","0.03%"
"07/01/2021","18,730.00","18,770.00","18,975.00","18,615.00","24.54K","-0.43%"
"06/30/2021","18,810.00","18,895.00","18,925.00","18,730.00","24.22K","-0.21%"
"06/29/2021","18,850.00","18,860.00","18,985.00","18,760.00","33.47K","-0.29%"
"06/28/2021","18,905.00","19,095.00","19,095.00","18,760.00","56.01K","0.45%"
"06/25/2021","18,820.00","18,630.00","18,970.00","18,630.00","74.90K","0.29%"
"06/24/2021","18,765.00","18,795.00","18,930.00","18,570.00","112.61K","0.19%"
"06/23/2021","18,730.00","18,610.00","18,825.00","18,540.00","128.50K","1.24%"
"06/22/2021","18,500.00","18,300.00","18,680.00","18,295.00","175.07K","0.90%"
"06/21/2021","18,335.00","18,350.00","18,460.00","18,235.00","229.06K","-0.73%"
"06/18/2021","18,470.00","18,465.00","18,580.00","18,370.00","271.46K","-1.36%"
"06/17/2021","18,725.00","18,650.00","18,880.00","18,585.00","268.37K","-0.05%"
"06/16/2021","18,735.00","18,915.00","18,975.00","18,465.00","253.92K","-1.50%"
"06/15/2021","19,020.00","19,100.00","19,270.00","18,855.00","4.73K","0.66%"
"06/11/2021","18,895.00","18,460.00","19,560.00","18,410.00","8.50K","2.14%"
"06/10/2021","18,500.00","18,430.00","18,640.00","18,405.00","10.80K","0.54%"
"06/09/2021","18,400.00","18,310.00","18,470.00","18,310.00","14.40K","0.19%"
"06/08/2021","18,365.00","18,400.00","18,520.00","18,260.00","15.49K","-0.65%"
"06/07/2021","18,485.00","18,365.00","18,645.00","18,330.00","12.74K","1.04%"
"06/04/2021","18,295.00","18,340.00","18,435.00","18,225.00","11.93K","-1.35%"
"06/03/2021","18,545.00","18,610.00","18,705.00","18,365.00","14.63K","-0.56%"
"06/02/2021","18,650.00","18,815.00","18,840.00","18,545.00","19.77K","-0.59%"
"06/01/2021","18,760.00","18,790.00","18,915.00","18,645.00","16.10K","-0.35%"
"05/31/2021","18,825.00","18,630.00","19,025.00","18,580.00","33.59K","0.45%"
"05/28/2021","18,740.00","18,575.00","18,950.00","18,500.00","36.11K","1.82%"
"05/27/2021","18,405.00","18,015.00","18,630.00","18,015.00","37.91K","0.49%"
"05/26/2021","18,315.00","18,335.00","18,440.00","18,185.00","49.09K","-0.14%"
"05/25/2021","18,340.00","18,105.00","18,470.00","18,105.00","105.67K","-0.46%"
"05/24/2021","18,425.00","19,200.00","19,210.00","17,965.00","186.26K","-1.84%"
"05/21/2021","18,770.00","19,060.00","19,115.00","18,395.00","224.92K","-1.50%"
"05/20/2021","19,055.00","19,220.00","19,240.00","18,800.00","285.21K","-2.31%"
"05/19/2021","19,505.00","19,610.00","19,745.00","19,220.00","254.08K","-1.19%"
"05/18/2021","19,740.00","19,695.00","19,890.00","19,580.00","251.54K","0.51%"
"05/17/2021","19,640.00","19,415.00","19,810.00","19,415.00","3.16K","0.41%"
"05/14/2021","19,560.00","19,600.00","19,710.00","19,010.00","5.61K","-0.91%"
"05/13/2021","19,740.00","19,645.00","19,915.00","19,570.00","11.87K","-0.95%"
"05/12/2021","19,930.00","19,950.00","20,040.00","19,820.00","11.26K","-0.18%"
"05/11/2021","19,965.00","20,275.00","20,300.00","19,560.00","20.90K","-0.84%"
"05/10/2021","20,135.00","19,810.00","20,435.00","19,810.00","22.96K","1.95%"
"05/07/2021","19,750.00","19,455.00","19,920.00","19,375.00","17.65K","2.65%"
"05/06/2021","19,240.00","19,080.00","19,415.00","19,080.00","16.95K","2.01%"
"04/30/2021","18,860.00","18,755.00","19,000.00","18,745.00","24.97K","0.64%"
"04/29/2021","18,740.00","18,510.00","18,980.00","18,450.00","31.22K","1.71%"
"04/28/2021","18,425.00","18,485.00","18,500.00","18,335.00","37.92K","-0.46%"
"04/27/2021","18,510.00","18,445.00","18,630.00","18,380.00","63.18K","0.98%"
"04/26/2021","18,330.00","18,340.00","18,475.00","18,155.00","86.96K","0.47%"
"04/23/2021","18,245.00","18,180.00","18,415.00","18,100.00","118.06K","0.44%"
"04/22/2021","18,165.00","18,020.00","18,300.00","18,010.00","165.29K","0.92%"
"04/21/2021","18,000.00","18,010.00","18,110.00","17,895.00","200.81K","-0.74%"
"04/20/2021","18,135.00","18,180.00","18,295.00","18,040.00","175.23K","0.33%"
"04/19/2021","18,075.00","18,000.00","18,270.00","17,920.00","222.66K","-0.74%"
"04/16/2021","18,210.00","18,345.00","18,460.00","17,905.00","356.69K","0.97%"
"04/15/2021","18,035.00","17,820.00","18,425.00","17,820.00","3.56K","1.04%"
"04/14/2021","17,850.00","17,750.00","18,030.00","17,700.00","6.06K","1.56%"
"04/13/2021","17,575.00","17,390.00","17,850.00","17,390.00","10.04K","0.95%"
"04/12/2021","17,410.00","17,540.00","17,600.00","17,320.00","20.11K","-0.57%"
"04/09/2021","17,510.00","17,570.00","17,575.00","17,470.00","12.79K","0.09%"
"04/08/2021","17,495.00","17,465.00","17,545.00","17,415.00","13.65K","0.17%"
"04/07/2021","17,465.00","17,545.00","17,585.00","17,390.00","12.29K","-0.43%"
"04/06/2021","17,540.00","17,585.00","17,655.00","17,455.00","12.51K","0.29%"
"04/02/2021","17,490.00","17,425.00","17,590.00","17,380.00","12.94K","1.16%"
"04/01/2021","17,290.00","17,230.00","17,500.00","17,100.00","17.40K","0.52%"
"03/31/2021","17,200.00","17,300.00","17,305.00","17,105.00","25.45K","-1.09%"
"03/30/2021","17,390.00","17,360.00","17,510.00","17,320.00","19.05K","-0.32%"
"03/29/2021","17,445.00","17,495.00","17,630.00","17,330.00","31.93K","0.84%"
"03/26/2021","17,300.00","17,100.00","17,475.00","17,035.00","33.22K","0.64%"
"03/25/2021","17,190.00","17,255.00","17,320.00","17,060.00","51.36K","0.59%"
"03/24/2021","17,090.00","17,050.00","17,155.00","16,990.00","37.22K","-0.49%"
"03/23/2021","17,175.00","17,680.00","17,715.00","16,500.00","119.43K","-2.16%"
"03/22/2021","17,555.00","17,515.00","17,725.00","17,380.00","68.21K","0.75%"
"03/19/2021","17,425.00","17,520.00","17,550.00","17,310.00","84.15K","-1.47%"
"03/18/2021","17,685.00","17,815.00","17,940.00","17,445.00","117.31K","0.26%"
"03/17/2021","17,640.00","17,520.00","17,750.00","17,520.00","93.32K","-1.01%"
"03/16/2021","17,820.00","17,665.00","17,980.00","17,625.00","172.86K","1.57%"
"03/15/2021","17,545.00","16,350.00","17,770.00","16,350.00","3.09K","1.15%"
"03/12/2021","17,345.00","17,485.00","17,515.00","17,145.00","4.21K","-0.40%"
"03/11/2021","17,415.00","17,300.00","17,630.00","17,200.00","6.97K","1.55%"
"03/10/2021","17,150.00","17,110.00","17,410.00","16,925.00","8.44K","-0.38%"
"03/09/2021","17,215.00","17,250.00","17,410.00","17,030.00","9.43K","-1.18%"
"03/08/2021","17,420.00","17,265.00","17,555.00","17,190.00","9.75K","1.19%"
"03/05/2021","17,215.00","17,235.00","17,445.00","17,070.00","13.51K","-1.77%"
"03/04/2021","17,525.00","17,575.00","17,890.00","17,200.00","16.07K","0.52%"
"03/03/2021","17,435.00","17,080.00","17,650.00","17,080.00","18.04K","2.83%"
"03/02/2021","16,955.00","17,135.00","17,170.00","16,800.00","18.72K","-0.82%"
"03/01/2021","17,095.00","17,345.00","17,345.00","16,895.00","32.83K","-1.61%"
"02/26/2021","17,375.00","17,480.00","17,700.00","17,055.00","56.72K","0.55%"
"02/25/2021","17,280.00","16,680.00","17,665.00","16,680.00","75.84K","3.66%"
"02/24/2021","16,670.00","16,650.00","16,840.00","16,550.00","54.22K","-0.24%"
"02/23/2021","16,710.00","16,655.00","16,855.00","16,570.00","85.21K","0.27%"
"02/22/2021","16,665.00","16,490.00","16,950.00","16,390.00","136.13K","0.82%"
"02/19/2021","16,530.00","16,650.00","16,660.00","16,385.00","147.86K","1.10%"
"02/18/2021","16,350.00","16,025.00","16,560.00","16,025.00","112.25K","3.09%"
"02/10/2021","15,860.00","15,865.00","15,950.00","15,760.00","150.06K","0.06%"
"02/09/2021","15,850.00","15,810.00","15,960.00","15,735.00","165.35K","1.12%"
"02/08/2021","15,675.00","15,630.00","15,820.00","15,540.00","176.83K","0.74%"
"02/05/2021","15,560.00","15,500.00","15,660.00","15,450.00","2.47K","1.73%"
"02/04/2021","15,295.00","15,080.00","15,435.00","15,050.00","3.42K","1.66%"
"02/03/2021","15,045.00","15,110.00","15,115.00","15,000.00","3.82K","-0.73%"
"02/02/2021","15,155.00","15,285.00","15,310.00","15,010.00","14.05K","-0.26%"
"02/01/2021","15,195.00","15,035.00","15,445.00","14,970.00","14.43K","1.64%"
"01/29/2021","14,950.00","14,935.00","15,035.00","14,880.00","21.44K","0.78%"
"01/28/2021","14,835.00","14,860.00","14,935.00","14,785.00","24.44K","-0.34%"
"01/27/2021","14,885.00","14,895.00","14,940.00","14,850.00","18.13K","0.07%"
"01/26/2021","14,875.00","14,970.00","15,020.00","14,795.00","28.74K","-0.60%"
"01/25/2021","14,965.00","14,880.00","15,105.00","14,765.00","46.78K","0.13%"
"01/22/2021","14,945.00","14,965.00","15,135.00","14,795.00","52.19K","0.30%"
"01/21/2021","14,900.00","14,805.00","15,020.00","14,725.00","44.82K","1.19%"
"01/20/2021","14,725.00","14,770.00","14,860.00","14,650.00","41.24K","-0.74%"
"01/19/2021","14,835.00","14,900.00","14,990.00","14,730.00","50.04K","-0.90%"
"01/18/2021","14,970.00","14,865.00","15,090.00","14,795.00","95.01K","0.50%"
"01/15/2021","14,895.00","14,795.00","15,090.00","14,750.00","4.40K","1.02%"
"01/14/2021","14,745.00","14,675.00","14,850.00","14,650.00","6.55K","-1.27%"
"01/13/2021","14,935.00","15,140.00","15,190.00","14,710.00","10.36K","-1.09%"
"01/12/2021","15,100.00","15,250.00","15,270.00","14,970.00","11.51K","-1.56%"
"01/11/2021","15,340.00","15,510.00","15,565.00","15,220.00","13.80K","-1.92%"
"01/08/2021","15,640.00","15,440.00","15,770.00","15,430.00","13.32K","1.00%"
"01/07/2021","15,485.00","15,610.00","15,610.00","15,380.00","10.80K","-0.71%"
"01/06/2021","15,595.00","15,640.00","15,650.00","15,485.00","10.29K","0.00%"
"01/05/2021","15,595.00","15,680.00","15,745.00","15,500.00","14.49K","0.58%"
"01/04/2021","15,505.00","15,610.00","15,650.00","15,425.00","11.72K","-1.15%"